"rt","rotation_left","rotation_right","figure","no","gender","age","which_mirror","rt_rotation","timeSecs","score","ans","time","mirror","instruction","rotation","id","condition","File","ratio","dimensions","area","shape","error","answer","block","rotation_cat"
1.56849138159305,181,211,"cooper_figures\F15.png",2,"female",22,"w",NA,1461413569.705,1,"True","2016-04-23 14:12:49","True",NA,30,108,"pretest","108 Cooper (2016-04-23 14-05-33).csv",NA,NA,NA,NA,NA,NA,NA,"short"
1.2634054615628,317,317,"cooper_figures\F15.png",4,"female",22,"o",NA,1461413574.067,1,"False","2016-04-23 14:12:54","False",NA,0,108,"pretest","108 Cooper (2016-04-23 14-05-33).csv",NA,NA,NA,NA,NA,NA,NA,"short"
3.26087246579118,236,401,"cooper_figures\E11.png",5,"female",22,"w",NA,1461413577.349,1,"False","2016-04-23 14:12:57","False",NA,165,108,"pretest","108 Cooper (2016-04-23 14-05-33).csv",NA,NA,NA,NA,NA,NA,NA,"long"
1.42740655969828,5,20,"cooper_figures\G16.png",6,"female",22,"o",NA,1461413578.783,1,"False","2016-04-23 14:12:58","False",NA,15,108,"pretest","108 Cooper (2016-04-23 14-05-33).csv",NA,NA,NA,NA,NA,NA,NA,"short"
5.87407551868819,87,252,"cooper_figures\B8.png",8,"female",22,"o",NA,1461413587.78,1,"True","2016-04-23 14:13:07","True",NA,165,108,"pretest","108 Cooper (2016-04-23 14-05-33).csv",NA,NA,NA,NA,NA,NA,NA,"long"
3.7203175930772,342,522,"cooper_figures\G16.png",9,"female",22,"o",NA,1461413591.509,1,"False","2016-04-23 14:13:11","False",NA,180,108,"pretest","108 Cooper (2016-04-23 14-05-33).csv",NA,NA,NA,NA,NA,NA,NA,"long"
4.90132863610052,188,218,"cooper_figures\E11.png",11,"female",22,"o",NA,1461413599.591,1,"True","2016-04-23 14:13:19","True",NA,30,108,"pretest","108 Cooper (2016-04-23 14-05-33).csv",NA,NA,NA,NA,NA,NA,NA,"short"
2.59634278714657,67,67,"cooper_figures\G16.png",13,"female",22,"w",NA,1461413607.353,1,"True","2016-04-23 14:13:27","True",NA,0,108,"pretest","108 Cooper (2016-04-23 14-05-33).csv",NA,NA,NA,NA,NA,NA,NA,"short"
2.5070845191367,317,317,"cooper_figures\C8.png",14,"female",22,"o",NA,1461413609.881,1,"True","2016-04-23 14:13:29","True",NA,0,108,"pretest","108 Cooper (2016-04-23 14-05-33).csv",NA,NA,NA,NA,NA,NA,NA,"short"
2.44967151898891,238,253,"cooper_figures\D12.png",20,"female",22,"w",NA,1461413683.858,1,"False","2016-04-23 14:14:43","False",NA,15,108,"pretest","108 Cooper (2016-04-23 14-05-33).csv",NA,NA,NA,NA,NA,NA,NA,"short"
2.93663661950268,345,525,"cooper_figures\A6.png",22,"female",22,"w",NA,1461413689.296,1,"True","2016-04-23 14:14:49","True",NA,180,108,"pretest","108 Cooper (2016-04-23 14-05-33).csv",NA,NA,NA,NA,NA,NA,NA,"long"
4.1773789760191,131,311,"cooper_figures\B8.png",25,"female",22,"w",NA,1461413697.553,1,"False","2016-04-23 14:14:57","False",NA,180,108,"pretest","108 Cooper (2016-04-23 14-05-33).csv",NA,NA,NA,NA,NA,NA,NA,"long"
5.66433466854505,349,364,"cooper_figures\E11.png",35,"female",22,"o",NA,1461413740.825,1,"False","2016-04-23 14:15:40","False",NA,15,108,"pretest","108 Cooper (2016-04-23 14-05-33).csv",NA,NA,NA,NA,NA,NA,NA,"short"
8.24569801287726,331,496,"cooper_figures\C8.png",36,"female",22,"w",NA,1461413749.091,1,"False","2016-04-23 14:15:49","False",NA,165,108,"pretest","108 Cooper (2016-04-23 14-05-33).csv",NA,NA,NA,NA,NA,NA,NA,"long"
3.53654347662814,161,311,"cooper_figures\B8.png",37,"female",22,"w",NA,1461413752.632,1,"False","2016-04-23 14:15:52","False",NA,150,108,"pretest","108 Cooper (2016-04-23 14-05-33).csv",NA,NA,NA,NA,NA,NA,NA,"long"
6.80456589232199,338,488,"cooper_figures\F15.png",38,"female",22,"w",NA,1461413759.45,1,"True","2016-04-23 14:15:59","True",NA,150,108,"pretest","108 Cooper (2016-04-23 14-05-33).csv",NA,NA,NA,NA,NA,NA,NA,"long"
1.97941529401578,86,116,"cooper_figures\E11.png",39,"female",22,"o",NA,1461413761.442,1,"False","2016-04-23 14:16:01","False",NA,30,108,"pretest","108 Cooper (2016-04-23 14-05-33).csv",NA,NA,NA,NA,NA,NA,NA,"short"
1.92070094216615,328,358,"cooper_figures\C8.png",40,"female",22,"w",NA,1461413812.317,1,"False","2016-04-23 14:16:52","False",NA,30,108,"pretest","108 Cooper (2016-04-23 14-05-33).csv",NA,NA,NA,NA,NA,NA,NA,"short"
2.80320980097167,245,410,"cooper_figures\C8.png",42,"female",22,"w",NA,1461413817.617,1,"True","2016-04-23 14:16:57","True",NA,165,108,"pretest","108 Cooper (2016-04-23 14-05-33).csv",NA,NA,NA,NA,NA,NA,NA,"long"
1.32111781975254,58,73,"cooper_figures\F15.png",43,"female",22,"o",NA,1461413818.951,1,"False","2016-04-23 14:16:58","False",NA,15,108,"pretest","108 Cooper (2016-04-23 14-05-33).csv",NA,NA,NA,NA,NA,NA,NA,"short"
2.49596679350361,24,39,"cooper_figures\G16.png",44,"female",22,"o",NA,1461413821.459,1,"True","2016-04-23 14:17:01","True",NA,15,108,"pretest","108 Cooper (2016-04-23 14-05-33).csv",NA,NA,NA,NA,NA,NA,NA,"short"
2.76030368567444,214,394,"cooper_figures\G16.png",51,"female",22,"o",NA,1461413837.592,1,"True","2016-04-23 14:17:17","True",NA,180,108,"pretest","108 Cooper (2016-04-23 14-05-33).csv",NA,NA,NA,NA,NA,NA,NA,"long"
3.79338530171663,38,218,"cooper_figures\C8.png",54,"female",22,"o",NA,1461413845.393,1,"True","2016-04-23 14:17:25","True",NA,180,108,"pretest","108 Cooper (2016-04-23 14-05-33).csv",NA,NA,NA,NA,NA,NA,NA,"long"
1.8457678060513,111,126,"cooper_figures\H20.png",59,"female",22,"o",NA,1461413853.179,1,"False","2016-04-23 14:17:33","False",NA,15,108,"pretest","108 Cooper (2016-04-23 14-05-33).csv",NA,NA,NA,NA,NA,NA,NA,"short"
1.63221527426504,34,64,"cooper_figures\H20.png",60,"female",22,"w",NA,1461413871.082,1,"False","2016-04-23 14:17:51","False",NA,30,108,"pretest","108 Cooper (2016-04-23 14-05-33).csv",NA,NA,NA,NA,NA,NA,NA,"short"
0.799790278542787,308,323,"cooper_figures\C8.png",61,"female",22,"o",NA,1461413871.9,1,"False","2016-04-23 14:17:51","False",NA,15,108,"pretest","108 Cooper (2016-04-23 14-05-33).csv",NA,NA,NA,NA,NA,NA,NA,"short"
2.11311752186157,43,223,"cooper_figures\E11.png",65,"female",22,"w",NA,1461413879.646,1,"False","2016-04-23 14:17:59","False",NA,180,108,"pretest","108 Cooper (2016-04-23 14-05-33).csv",NA,NA,NA,NA,NA,NA,NA,"long"
2.71395538188517,211,241,"cooper_figures\C8.png",66,"female",22,"o",NA,1461413882.381,1,"True","2016-04-23 14:18:02","True",NA,30,108,"pretest","108 Cooper (2016-04-23 14-05-33).csv",NA,NA,NA,NA,NA,NA,NA,"short"
2.36067540268414,197,197,"cooper_figures\F15.png",70,"female",22,"o",NA,1461413893.528,1,"True","2016-04-23 14:18:13","True",NA,0,108,"pretest","108 Cooper (2016-04-23 14-05-33).csv",NA,NA,NA,NA,NA,NA,NA,"short"
3.35269494843669,107,137,"cooper_figures\A6.png",71,"female",22,"w",NA,1461413896.887,1,"False","2016-04-23 14:18:16","False",NA,30,108,"pretest","108 Cooper (2016-04-23 14-05-33).csv",NA,NA,NA,NA,NA,NA,NA,"short"
1.96766292979009,88,88,"cooper_figures\H20.png",72,"female",22,"w",NA,1461413898.868,1,"True","2016-04-23 14:18:18","True",NA,0,108,"pretest","108 Cooper (2016-04-23 14-05-33).csv",NA,NA,NA,NA,NA,NA,NA,"short"
1.92423293809406,206,371,"cooper_figures\F15.png",76,"female",22,"w",NA,1461413907.327,1,"False","2016-04-23 14:18:27","False",NA,165,108,"pretest","108 Cooper (2016-04-23 14-05-33).csv",NA,NA,NA,NA,NA,NA,NA,"long"
2.83202342852019,144,294,"cooper_figures\A6.png",77,"female",22,"w",NA,1461413910.168,1,"False","2016-04-23 14:18:30","False",NA,150,108,"pretest","108 Cooper (2016-04-23 14-05-33).csv",NA,NA,NA,NA,NA,NA,NA,"long"
2.34075227798894,295,325,"cooper_figures\A6.png",78,"female",22,"o",NA,1461413912.527,1,"True","2016-04-23 14:18:32","True",NA,30,108,"pretest","108 Cooper (2016-04-23 14-05-33).csv",NA,NA,NA,NA,NA,NA,NA,"short"
5.34131720918231,240,390,"cooper_figures\D12.png",82,"female",22,"w",NA,1461413925.629,1,"True","2016-04-23 14:18:45","True",NA,150,108,"pretest","108 Cooper (2016-04-23 14-05-33).csv",NA,NA,NA,NA,NA,NA,NA,"long"
1.04416812281124,149,149,"cooper_figures\D12.png",83,"female",22,"w",NA,1461413926.681,1,"True","2016-04-23 14:18:46","True",NA,0,108,"pretest","108 Cooper (2016-04-23 14-05-33).csv",NA,NA,NA,NA,NA,NA,NA,"short"
1.31624726625159,254,434,"cooper_figures\F15.png",88,"female",22,"o",NA,1461413935.987,1,"True","2016-04-23 14:18:55","True",NA,180,108,"pretest","108 Cooper (2016-04-23 14-05-33).csv",NA,NA,NA,NA,NA,NA,NA,"long"
1.58600553055294,339,339,"cooper_figures\E11.png",89,"female",22,"w",NA,1461413937.59,1,"False","2016-04-23 14:18:57","False",NA,0,108,"pretest","108 Cooper (2016-04-23 14-05-33).csv",NA,NA,NA,NA,NA,NA,NA,"short"
2.47129285847768,185,335,"cooper_figures\E11.png",97,"female",22,"w",NA,1461413958.044,1,"True","2016-04-23 14:19:18","True",NA,150,108,"pretest","108 Cooper (2016-04-23 14-05-33).csv",NA,NA,NA,NA,NA,NA,NA,"long"
2.01357930293307,70,100,"cooper_figures\G16.png",98,"female",22,"o",NA,1461413960.071,1,"True","2016-04-23 14:19:20","True",NA,30,108,"pretest","108 Cooper (2016-04-23 14-05-33).csv",NA,NA,NA,NA,NA,NA,NA,"short"
1.48481100681238,294,309,"cooper_figures\C8.png",103,"female",22,"o",NA,1461413972.709,1,"True","2016-04-23 14:19:32","True",NA,15,108,"pretest","108 Cooper (2016-04-23 14-05-33).csv",NA,NA,NA,NA,NA,NA,NA,"short"
1.57306770887226,198,378,"cooper_figures\H20.png",104,"female",22,"o",NA,1461413974.298,1,"True","2016-04-23 14:19:34","True",NA,180,108,"pretest","108 Cooper (2016-04-23 14-05-33).csv",NA,NA,NA,NA,NA,NA,NA,"long"
1.70097351190634,249,429,"cooper_figures\D12.png",105,"female",22,"w",NA,1461413976.01,1,"False","2016-04-23 14:19:36","False",NA,180,108,"pretest","108 Cooper (2016-04-23 14-05-33).csv",NA,NA,NA,NA,NA,NA,NA,"long"
1.97458151914179,1,181,"cooper_figures\F15.png",113,"female",22,"w",NA,1461413999.735,1,"False","2016-04-23 14:19:59","False",NA,180,108,"pretest","108 Cooper (2016-04-23 14-05-33).csv",NA,NA,NA,NA,NA,NA,NA,"long"
1.85075040487573,0,15,"cooper_figures\A6.png",114,"female",22,"o",NA,1461414001.594,1,"True","2016-04-23 14:20:01","True",NA,15,108,"pretest","108 Cooper (2016-04-23 14-05-33).csv",NA,NA,NA,NA,NA,NA,NA,"short"
1.18426549131982,64,214,"cooper_figures\A6.png",115,"female",22,"o",NA,1461414002.794,1,"True","2016-04-23 14:20:02","True",NA,150,108,"pretest","108 Cooper (2016-04-23 14-05-33).csv",NA,NA,NA,NA,NA,NA,NA,"long"
1.54802256985568,129,279,"cooper_figures\G16.png",117,"female",22,"w",NA,1461414005.609,1,"False","2016-04-23 14:20:05","False",NA,150,108,"pretest","108 Cooper (2016-04-23 14-05-33).csv",NA,NA,NA,NA,NA,NA,NA,"long"
2.01275606872514,232,412,"cooper_figures\C8.png",119,"female",22,"o",NA,1461414008.74,1,"False","2016-04-23 14:20:08","False",NA,180,108,"pretest","108 Cooper (2016-04-23 14-05-33).csv",NA,NA,NA,NA,NA,NA,NA,"long"
1.74980605882592,302,317,"cooper_figures\H20.png",121,"female",22,"o",NA,1461414073.561,1,"True","2016-04-23 14:21:13","True",NA,15,108,"pretest","108 Cooper (2016-04-23 14-05-33).csv",NA,NA,NA,NA,NA,NA,NA,"short"
2.88363786577247,338,503,"cooper_figures\A6.png",123,"female",22,"o",NA,1461414077.611,1,"True","2016-04-23 14:21:17","True",NA,165,108,"pretest","108 Cooper (2016-04-23 14-05-33).csv",NA,NA,NA,NA,NA,NA,NA,"long"
1.06937405979261,16,16,"cooper_figures\D12.png",124,"female",22,"o",NA,1461414078.697,1,"False","2016-04-23 14:21:18","False",NA,0,108,"pretest","108 Cooper (2016-04-23 14-05-33).csv",NA,NA,NA,NA,NA,NA,NA,"short"
1.81457000668161,288,438,"cooper_figures\H20.png",125,"female",22,"w",NA,1461414080.525,1,"True","2016-04-23 14:21:20","True",NA,150,108,"pretest","108 Cooper (2016-04-23 14-05-33).csv",NA,NA,NA,NA,NA,NA,NA,"long"
1.22448807652108,97,127,"cooper_figures\D12.png",126,"female",22,"o",NA,1461414081.769,1,"True","2016-04-23 14:21:21","True",NA,30,108,"pretest","108 Cooper (2016-04-23 14-05-33).csv",NA,NA,NA,NA,NA,NA,NA,"short"
1.16529346909374,32,62,"cooper_figures\D12.png",127,"female",22,"w",NA,1461414082.943,1,"False","2016-04-23 14:21:22","False",NA,30,108,"pretest","108 Cooper (2016-04-23 14-05-33).csv",NA,NA,NA,NA,NA,NA,NA,"short"
1.32985522202216,16,181,"cooper_figures\G16.png",128,"female",22,"o",NA,1461414084.291,1,"False","2016-04-23 14:21:24","False",NA,165,108,"pretest","108 Cooper (2016-04-23 14-05-33).csv",NA,NA,NA,NA,NA,NA,NA,"long"
1.67602288466878,311,461,"cooper_figures\F15.png",129,"female",22,"w",NA,1461414085.988,1,"False","2016-04-23 14:21:25","False",NA,150,108,"pretest","108 Cooper (2016-04-23 14-05-33).csv",NA,NA,NA,NA,NA,NA,NA,"long"
0.963556594448164,252,267,"cooper_figures\B8.png",133,"female",22,"w",NA,1461414093.827,1,"False","2016-04-23 14:21:33","False",NA,15,108,"pretest","108 Cooper (2016-04-23 14-05-33).csv",NA,NA,NA,NA,NA,NA,NA,"short"
0.963288882980123,209,209,"cooper_figures\A6.png",134,"female",22,"w",NA,1461414094.81,1,"False","2016-04-23 14:21:34","False",NA,0,108,"pretest","108 Cooper (2016-04-23 14-05-33).csv",NA,NA,NA,NA,NA,NA,NA,"short"
0.906947584124282,149,179,"cooper_figures\G16.png",136,"female",22,"o",NA,1461414098.12,1,"False","2016-04-23 14:21:38","False",NA,30,108,"pretest","108 Cooper (2016-04-23 14-05-33).csv",NA,NA,NA,NA,NA,NA,NA,"short"
1.59298014221713,218,218,"cooper_figures\H20.png",138,"female",22,"o",NA,1461414101.824,1,"False","2016-04-23 14:21:41","False",NA,0,108,"pretest","108 Cooper (2016-04-23 14-05-33).csv",NA,NA,NA,NA,NA,NA,NA,"short"
0.869861842133105,337,337,"cooper_figures\C8.png",139,"female",22,"w",NA,1461414102.701,1,"False","2016-04-23 14:21:42","False",NA,0,108,"pretest","108 Cooper (2016-04-23 14-05-33).csv",NA,NA,NA,NA,NA,NA,NA,"short"
1.74509373749606,38,203,"cooper_figures\H20.png",140,"female",22,"o",NA,1461414110.442,1,"False","2016-04-23 14:21:50","False",NA,165,108,"pretest","108 Cooper (2016-04-23 14-05-33).csv",NA,NA,NA,NA,NA,NA,NA,"long"
1.76533888606355,146,296,"cooper_figures\D12.png",141,"female",22,"w",NA,1461414112.214,1,"False","2016-04-23 14:21:52","False",NA,150,108,"pretest","108 Cooper (2016-04-23 14-05-33).csv",NA,NA,NA,NA,NA,NA,NA,"long"
2.39449386717752,115,265,"cooper_figures\B8.png",142,"female",22,"o",NA,1461414114.626,1,"True","2016-04-23 14:21:54","True",NA,150,108,"pretest","108 Cooper (2016-04-23 14-05-33).csv",NA,NA,NA,NA,NA,NA,NA,"long"
2.52651584148407,64,229,"cooper_figures\B8.png",144,"female",22,"o",NA,1461414119.591,1,"False","2016-04-23 14:21:59","False",NA,165,108,"pretest","108 Cooper (2016-04-23 14-05-33).csv",NA,NA,NA,NA,NA,NA,NA,"long"
1.67863499629311,270,300,"cooper_figures\H20.png",145,"female",22,"o",NA,1461414121.278,1,"True","2016-04-23 14:22:01","True",NA,30,108,"pretest","108 Cooper (2016-04-23 14-05-33).csv",NA,NA,NA,NA,NA,NA,NA,"short"
1.24105967581272,247,412,"cooper_figures\A6.png",147,"female",22,"o",NA,1461414124.156,1,"False","2016-04-23 14:22:04","False",NA,165,108,"pretest","108 Cooper (2016-04-23 14-05-33).csv",NA,NA,NA,NA,NA,NA,NA,"long"
1.80811200104654,188,338,"cooper_figures\C8.png",148,"female",22,"w",NA,1461414125.973,1,"False","2016-04-23 14:22:05","False",NA,150,108,"pretest","108 Cooper (2016-04-23 14-05-33).csv",NA,NA,NA,NA,NA,NA,NA,"long"
3.5699723479338,245,395,"cooper_figures\H20.png",150,"female",22,"o",NA,1461414131.335,1,"False","2016-04-23 14:22:11","False",NA,150,108,"pretest","108 Cooper (2016-04-23 14-05-33).csv",NA,NA,NA,NA,NA,NA,NA,"long"
2.76440488919616,319,349,"cooper_figures\B8.png",152,"female",22,"o",NA,1461414135.831,1,"False","2016-04-23 14:22:15","False",NA,30,108,"pretest","108 Cooper (2016-04-23 14-05-33).csv",NA,NA,NA,NA,NA,NA,NA,"short"
1.89957183273509,305,470,"cooper_figures\G16.png",154,"female",22,"o",NA,1461414139.95,1,"True","2016-04-23 14:22:19","True",NA,165,108,"pretest","108 Cooper (2016-04-23 14-05-33).csv",NA,NA,NA,NA,NA,NA,NA,"long"
2.50161439436488,137,287,"cooper_figures\C8.png",155,"female",22,"w",NA,1461414142.469,1,"True","2016-04-23 14:22:22","True",NA,150,108,"pretest","108 Cooper (2016-04-23 14-05-33).csv",NA,NA,NA,NA,NA,NA,NA,"long"
1.62507558776997,245,275,"cooper_figures\F15.png",162,"female",22,"o",NA,1461414160.746,1,"False","2016-04-23 14:22:40","False",NA,30,108,"pretest","108 Cooper (2016-04-23 14-05-33).csv",NA,NA,NA,NA,NA,NA,NA,"short"
1.99744048994035,63,228,"cooper_figures\H20.png",163,"female",22,"o",NA,1461414162.752,1,"True","2016-04-23 14:22:42","True",NA,165,108,"pretest","108 Cooper (2016-04-23 14-05-33).csv",NA,NA,NA,NA,NA,NA,NA,"long"
2.42977234255522,241,256,"cooper_figures\D12.png",165,"female",22,"w",NA,1461414166.934,1,"True","2016-04-23 14:22:46","True",NA,15,108,"pretest","108 Cooper (2016-04-23 14-05-33).csv",NA,NA,NA,NA,NA,NA,NA,"short"
5.02103545353748,49,229,"cooper_figures\B8.png",166,"female",22,"w",NA,1461414171.975,1,"True","2016-04-23 14:22:51","True",NA,180,108,"pretest","108 Cooper (2016-04-23 14-05-33).csv",NA,NA,NA,NA,NA,NA,NA,"long"
2.69671749765985,207,372,"cooper_figures\D12.png",170,"female",22,"o",NA,1461414182.202,1,"False","2016-04-23 14:23:02","False",NA,165,108,"pretest","108 Cooper (2016-04-23 14-05-33).csv",NA,NA,NA,NA,NA,NA,NA,"long"
0.820363437524065,80,80,"cooper_figures\G16.png",171,"female",22,"o",NA,1461414183.042,1,"False","2016-04-23 14:23:03","False",NA,0,108,"pretest","108 Cooper (2016-04-23 14-05-33).csv",NA,NA,NA,NA,NA,NA,NA,"short"
1.88517399947159,145,325,"cooper_figures\H20.png",172,"female",22,"o",NA,1461414184.94,1,"False","2016-04-23 14:23:04","False",NA,180,108,"pretest","108 Cooper (2016-04-23 14-05-33).csv",NA,NA,NA,NA,NA,NA,NA,"long"
2.37704771501012,258,438,"cooper_figures\A6.png",174,"female",22,"w",NA,1461414189.266,1,"False","2016-04-23 14:23:09","False",NA,180,108,"pretest","108 Cooper (2016-04-23 14-05-33).csv",NA,NA,NA,NA,NA,NA,NA,"long"
1.96346464892849,204,369,"cooper_figures\D12.png",179,"female",22,"o",NA,1461414197.987,1,"True","2016-04-23 14:23:17","True",NA,165,108,"pretest","108 Cooper (2016-04-23 14-05-33).csv",NA,NA,NA,NA,NA,NA,NA,"long"
3.11442828178406,38,203,"cooper_figures\E11.png",180,"female",22,"o",NA,1461414202.888,1,"True","2016-04-23 14:23:22","True",NA,165,108,"pretest","108 Cooper (2016-04-23 14-05-33).csv",NA,NA,NA,NA,NA,NA,NA,"long"
2.47916725464165,11,41,"cooper_figures\B8.png",181,"female",22,"o",NA,1461414205.386,1,"True","2016-04-23 14:23:25","True",NA,30,108,"pretest","108 Cooper (2016-04-23 14-05-33).csv",NA,NA,NA,NA,NA,NA,NA,"short"
1.92902993503958,278,458,"cooper_figures\E11.png",184,"female",22,"w",NA,1461414212.921,1,"True","2016-04-23 14:23:32","True",NA,180,108,"pretest","108 Cooper (2016-04-23 14-05-33).csv",NA,NA,NA,NA,NA,NA,NA,"long"
2.88976401183754,85,100,"cooper_figures\B8.png",185,"female",22,"w",NA,1461414215.831,1,"True","2016-04-23 14:23:35","True",NA,15,108,"pretest","108 Cooper (2016-04-23 14-05-33).csv",NA,NA,NA,NA,NA,NA,NA,"short"
1.20603095018305,352,352,"cooper_figures\B8.png",186,"female",22,"o",NA,1461414217.048,1,"False","2016-04-23 14:23:37","False",NA,0,108,"pretest","108 Cooper (2016-04-23 14-05-33).csv",NA,NA,NA,NA,NA,NA,NA,"short"
2.17581589985639,31,31,"cooper_figures\E11.png",188,"female",22,"w",NA,1461414221.001,1,"True","2016-04-23 14:23:41","True",NA,0,108,"pretest","108 Cooper (2016-04-23 14-05-33).csv",NA,NA,NA,NA,NA,NA,NA,"short"
4.40055800322443,221,221,"cooper_figures\B8.png",189,"female",22,"o",NA,1461414225.409,1,"True","2016-04-23 14:23:45","True",NA,0,108,"pretest","108 Cooper (2016-04-23 14-05-33).csv",NA,NA,NA,NA,NA,NA,NA,"short"
3.21957090892829,252,267,"cooper_figures\F15.png",191,"female",22,"w",NA,1461414231.245,1,"True","2016-04-23 14:23:51","True",NA,15,108,"pretest","108 Cooper (2016-04-23 14-05-33).csv",NA,NA,NA,NA,NA,NA,NA,"short"
0.905872889328748,37,52,"cooper_figures\A6.png",192,"female",22,"o",NA,1461414232.164,1,"False","2016-04-23 14:23:52","False",NA,15,108,"pretest","108 Cooper (2016-04-23 14-05-33).csv",NA,NA,NA,NA,NA,NA,NA,"short"
2.34357051900588,355,355,"cooper_figures\A6.png",196,"female",22,"w",NA,1461414240.486,1,"True","2016-04-23 14:24:00","True",NA,0,108,"pretest","108 Cooper (2016-04-23 14-05-33).csv",NA,NA,NA,NA,NA,NA,NA,"short"
2.00842521479353,330,510,"cooper_figures\D12.png",201,"female",22,"w",NA,1461414253.651,1,"True","2016-04-23 14:24:13","True",NA,180,108,"pretest","108 Cooper (2016-04-23 14-05-33).csv",NA,NA,NA,NA,NA,NA,NA,"long"
2.30234508449212,2,152,"cooper_figures\G16.png",202,"female",22,"w",NA,1461414255.962,1,"True","2016-04-23 14:24:15","True",NA,150,108,"pretest","108 Cooper (2016-04-23 14-05-33).csv",NA,NA,NA,NA,NA,NA,NA,"long"
1.95507706771605,170,335,"cooper_figures\F15.png",203,"female",22,"o",NA,1461414257.931,1,"True","2016-04-23 14:24:17","True",NA,165,108,"pretest","108 Cooper (2016-04-23 14-05-33).csv",NA,NA,NA,NA,NA,NA,NA,"long"
3.2239034732338,279,294,"cooper_figures\E11.png",204,"female",22,"w",NA,1461414261.167,1,"True","2016-04-23 14:24:21","True",NA,15,108,"pretest","108 Cooper (2016-04-23 14-05-33).csv",NA,NA,NA,NA,NA,NA,NA,"short"
2.14914952404797,202,352,"cooper_figures\E11.png",207,"female",22,"w",NA,1461414268.859,1,"False","2016-04-23 14:24:28","False",NA,150,108,"pretest","108 Cooper (2016-04-23 14-05-33).csv",NA,NA,NA,NA,NA,NA,NA,"long"
2.81832098960876,345,345,"cooper_figures/A6.png",0,"male",29,"o",NA,1461501118.2811,1,"True","2016-04-24 14:31:58","True",NA,0,208,"pretest","208 Cooper (2016-04-24 14-27-00).csv",NA,NA,NA,NA,NA,NA,NA,"short"
1.39173102378845,147,312,"cooper_figures/C8.png",1,"male",29,"w",NA,1461501119.69597,1,"True","2016-04-24 14:31:59","True",NA,165,208,"pretest","208 Cooper (2016-04-24 14-27-00).csv",NA,NA,NA,NA,NA,NA,NA,"long"
1.88109993934631,77,227,"cooper_figures/B8.png",2,"male",29,"w",NA,1461501121.58805,1,"True","2016-04-24 14:32:01","True",NA,150,208,"pretest","208 Cooper (2016-04-24 14-27-00).csv",NA,NA,NA,NA,NA,NA,NA,"long"
2.83870506286621,330,495,"cooper_figures/E11.png",4,"male",29,"o",NA,1461501126.25708,1,"False","2016-04-24 14:32:06","False",NA,165,208,"pretest","208 Cooper (2016-04-24 14-27-00).csv",NA,NA,NA,NA,NA,NA,NA,"long"
3.27471899986267,287,317,"cooper_figures/D12.png",5,"male",29,"o",NA,1461501129.55009,1,"False","2016-04-24 14:32:09","False",NA,30,208,"pretest","208 Cooper (2016-04-24 14-27-00).csv",NA,NA,NA,NA,NA,NA,NA,"short"
1.7784321308136,237,267,"cooper_figures/H20.png",6,"male",29,"o",NA,1461501131.34695,1,"True","2016-04-24 14:32:11","True",NA,30,208,"pretest","208 Cooper (2016-04-24 14-27-00).csv",NA,NA,NA,NA,NA,NA,NA,"short"
3.54455780982971,291,441,"cooper_figures/C8.png",7,"male",29,"w",NA,1461501134.90103,1,"True","2016-04-24 14:32:14","True",NA,150,208,"pretest","208 Cooper (2016-04-24 14-27-00).csv",NA,NA,NA,NA,NA,NA,NA,"long"
1.37504100799561,226,241,"cooper_figures/E11.png",8,"male",29,"o",NA,1461501136.29099,1,"False","2016-04-24 14:32:16","False",NA,15,208,"pretest","208 Cooper (2016-04-24 14-27-00).csv",NA,NA,NA,NA,NA,NA,NA,"short"
4.09218716621399,111,291,"cooper_figures/G16.png",9,"male",29,"o",NA,1461501140.39538,1,"True","2016-04-24 14:32:20","True",NA,180,208,"pretest","208 Cooper (2016-04-24 14-27-00).csv",NA,NA,NA,NA,NA,NA,NA,"long"
4.14279007911682,330,480,"cooper_figures/H20.png",10,"male",29,"o",NA,1461501144.55709,1,"True","2016-04-24 14:32:24","True",NA,150,208,"pretest","208 Cooper (2016-04-24 14-27-00).csv",NA,NA,NA,NA,NA,NA,NA,"long"
2.43132019042969,209,239,"cooper_figures/E11.png",12,"male",29,"w",NA,1461501149.53079,1,"True","2016-04-24 14:32:29","True",NA,30,208,"pretest","208 Cooper (2016-04-24 14-27-00).csv",NA,NA,NA,NA,NA,NA,NA,"short"
3.08681011199951,91,106,"cooper_figures/E11.png",23,"male",29,"o",NA,1461501181.22063,1,"True","2016-04-24 14:33:01","True",NA,15,208,"pretest","208 Cooper (2016-04-24 14-27-00).csv",NA,NA,NA,NA,NA,NA,NA,"short"
2.34999012947083,69,234,"cooper_figures/G16.png",28,"male",29,"w",NA,1461501190.92867,1,"False","2016-04-24 14:33:10","False",NA,165,208,"pretest","208 Cooper (2016-04-24 14-27-00).csv",NA,NA,NA,NA,NA,NA,NA,"long"
1.54173302650452,95,260,"cooper_figures/F15.png",32,"male",29,"o",NA,1461501199.1626,1,"True","2016-04-24 14:33:19","True",NA,165,208,"pretest","208 Cooper (2016-04-24 14-27-00).csv",NA,NA,NA,NA,NA,NA,NA,"long"
2.88277387619019,45,210,"cooper_figures/E11.png",34,"male",29,"o",NA,1461501203.44465,1,"True","2016-04-24 14:33:23","True",NA,165,208,"pretest","208 Cooper (2016-04-24 14-27-00).csv",NA,NA,NA,NA,NA,NA,NA,"long"
2.12985610961914,262,427,"cooper_figures/D12.png",35,"male",29,"o",NA,1461501205.58348,1,"False","2016-04-24 14:33:25","False",NA,165,208,"pretest","208 Cooper (2016-04-24 14-27-00).csv",NA,NA,NA,NA,NA,NA,NA,"long"
1.5032479763031,339,354,"cooper_figures/D12.png",36,"male",29,"w",NA,1461501207.09455,1,"True","2016-04-24 14:33:27","True",NA,15,208,"pretest","208 Cooper (2016-04-24 14-27-00).csv",NA,NA,NA,NA,NA,NA,NA,"short"
5.073646068573,95,275,"cooper_figures/D12.png",38,"male",29,"o",NA,1461501214.24262,1,"True","2016-04-24 14:33:34","True",NA,180,208,"pretest","208 Cooper (2016-04-24 14-27-00).csv",NA,NA,NA,NA,NA,NA,NA,"long"
1.65941500663757,24,204,"cooper_figures/D12.png",43,"male",29,"o",NA,1461501237.01596,1,"False","2016-04-24 14:33:57","False",NA,180,208,"pretest","208 Cooper (2016-04-24 14-27-00).csv",NA,NA,NA,NA,NA,NA,NA,"long"
1.79732704162598,197,197,"cooper_figures/D12.png",46,"male",29,"o",NA,1461501242.55205,1,"False","2016-04-24 14:34:02","False",NA,0,208,"pretest","208 Cooper (2016-04-24 14-27-00).csv",NA,NA,NA,NA,NA,NA,NA,"short"
2.16033005714417,123,153,"cooper_figures/G16.png",49,"male",29,"w",NA,1461501248.1969,1,"True","2016-04-24 14:34:08","True",NA,30,208,"pretest","208 Cooper (2016-04-24 14-27-00).csv",NA,NA,NA,NA,NA,NA,NA,"short"
2.50028014183044,327,477,"cooper_figures/F15.png",50,"male",29,"w",NA,1461501250.70905,1,"True","2016-04-24 14:34:10","True",NA,150,208,"pretest","208 Cooper (2016-04-24 14-27-00).csv",NA,NA,NA,NA,NA,NA,NA,"long"
2.88325905799866,223,373,"cooper_figures/B8.png",53,"male",29,"o",NA,1461501257.45879,1,"False","2016-04-24 14:34:17","False",NA,150,208,"pretest","208 Cooper (2016-04-24 14-27-00).csv",NA,NA,NA,NA,NA,NA,NA,"long"
1.65436983108521,305,455,"cooper_figures/A6.png",56,"male",29,"w",NA,1461501265.03781,1,"True","2016-04-24 14:34:25","True",NA,150,208,"pretest","208 Cooper (2016-04-24 14-27-00).csv",NA,NA,NA,NA,NA,NA,NA,"long"
5.65007495880127,263,263,"cooper_figures/D12.png",59,"male",29,"o",NA,1461501280.19714,1,"True","2016-04-24 14:34:40","True",NA,0,208,"pretest","208 Cooper (2016-04-24 14-27-00).csv",NA,NA,NA,NA,NA,NA,NA,"short"
1.60087108612061,359,359,"cooper_figures/G16.png",61,"male",29,"o",NA,1461501287.21195,1,"True","2016-04-24 14:34:47","True",NA,0,208,"pretest","208 Cooper (2016-04-24 14-27-00).csv",NA,NA,NA,NA,NA,NA,NA,"short"
1.02903699874878,138,153,"cooper_figures/B8.png",62,"male",29,"w",NA,1461501288.26061,1,"False","2016-04-24 14:34:48","False",NA,15,208,"pretest","208 Cooper (2016-04-24 14-27-00).csv",NA,NA,NA,NA,NA,NA,NA,"short"
1.69950413703918,153,168,"cooper_figures/F15.png",63,"male",29,"o",NA,1461501289.96658,1,"False","2016-04-24 14:34:49","False",NA,15,208,"pretest","208 Cooper (2016-04-24 14-27-00).csv",NA,NA,NA,NA,NA,NA,NA,"short"
2.63519191741943,189,219,"cooper_figures/F15.png",65,"male",29,"w",NA,1461501293.86062,1,"True","2016-04-24 14:34:53","True",NA,30,208,"pretest","208 Cooper (2016-04-24 14-27-00).csv",NA,NA,NA,NA,NA,NA,NA,"short"
1.23697710037231,341,371,"cooper_figures/E11.png",69,"male",29,"w",NA,1461501300.51885,1,"False","2016-04-24 14:35:00","False",NA,30,208,"pretest","208 Cooper (2016-04-24 14-27-00).csv",NA,NA,NA,NA,NA,NA,NA,"short"
1.6355299949646,257,272,"cooper_figures/A6.png",73,"male",29,"o",NA,1461501308.62068,1,"False","2016-04-24 14:35:08","False",NA,15,208,"pretest","208 Cooper (2016-04-24 14-27-00).csv",NA,NA,NA,NA,NA,NA,NA,"short"
1.95204019546509,5,185,"cooper_figures/E11.png",76,"male",29,"o",NA,1461501315.73971,1,"True","2016-04-24 14:35:15","True",NA,180,208,"pretest","208 Cooper (2016-04-24 14-27-00).csv",NA,NA,NA,NA,NA,NA,NA,"long"
1.05890488624573,22,202,"cooper_figures/H20.png",77,"male",29,"w",NA,1461501316.81849,1,"True","2016-04-24 14:35:16","True",NA,180,208,"pretest","208 Cooper (2016-04-24 14-27-00).csv",NA,NA,NA,NA,NA,NA,NA,"long"
5.30440092086792,221,236,"cooper_figures/G16.png",79,"male",29,"w",NA,1461501323.72163,1,"True","2016-04-24 14:35:23","True",NA,15,208,"pretest","208 Cooper (2016-04-24 14-27-00).csv",NA,NA,NA,NA,NA,NA,NA,"short"
1.61250400543213,233,248,"cooper_figures/A6.png",83,"male",29,"o",NA,1461501334.51929,1,"True","2016-04-24 14:35:34","True",NA,15,208,"pretest","208 Cooper (2016-04-24 14-27-00).csv",NA,NA,NA,NA,NA,NA,NA,"short"
2.05742192268372,330,495,"cooper_figures/C8.png",84,"male",29,"w",NA,1461501336.58444,1,"False","2016-04-24 14:35:36","False",NA,165,208,"pretest","208 Cooper (2016-04-24 14-27-00).csv",NA,NA,NA,NA,NA,NA,NA,"long"
1.25677084922791,228,228,"cooper_figures/F15.png",85,"male",29,"o",NA,1461501337.8564,1,"False","2016-04-24 14:35:37","False",NA,0,208,"pretest","208 Cooper (2016-04-24 14-27-00).csv",NA,NA,NA,NA,NA,NA,NA,"short"
6.56415200233459,43,223,"cooper_figures/G16.png",90,"male",29,"w",NA,1461501353.69289,1,"False","2016-04-24 14:35:53","False",NA,180,208,"pretest","208 Cooper (2016-04-24 14-27-00).csv",NA,NA,NA,NA,NA,NA,NA,"long"
4.29914498329163,272,287,"cooper_figures/H20.png",95,"male",29,"w",NA,1461501368.85922,1,"False","2016-04-24 14:36:08","False",NA,15,208,"pretest","208 Cooper (2016-04-24 14-27-00).csv",NA,NA,NA,NA,NA,NA,NA,"short"
2.07646703720093,223,253,"cooper_figures/D12.png",97,"male",29,"w",NA,1461501372.11726,1,"True","2016-04-24 14:36:12","True",NA,30,208,"pretest","208 Cooper (2016-04-24 14-27-00).csv",NA,NA,NA,NA,NA,NA,NA,"short"
1.93203401565552,129,294,"cooper_figures/D12.png",98,"male",29,"w",NA,1461501374.06248,1,"True","2016-04-24 14:36:14","True",NA,165,208,"pretest","208 Cooper (2016-04-24 14-27-00).csv",NA,NA,NA,NA,NA,NA,NA,"long"
5.08610391616821,24,174,"cooper_figures/D12.png",100,"male",29,"o",NA,1461501381.96357,1,"False","2016-04-24 14:36:21","False",NA,150,208,"pretest","208 Cooper (2016-04-24 14-27-00).csv",NA,NA,NA,NA,NA,NA,NA,"long"
1.37604713439941,256,271,"cooper_figures/G16.png",103,"male",29,"o",NA,1461501390.66989,1,"False","2016-04-24 14:36:30","False",NA,15,208,"pretest","208 Cooper (2016-04-24 14-27-00).csv",NA,NA,NA,NA,NA,NA,NA,"short"
1.29236817359924,263,263,"cooper_figures/C8.png",104,"male",29,"o",NA,1461501391.97273,1,"True","2016-04-24 14:36:31","True",NA,0,208,"pretest","208 Cooper (2016-04-24 14-27-00).csv",NA,NA,NA,NA,NA,NA,NA,"short"
2.21749806404114,169,334,"cooper_figures/H20.png",105,"male",29,"w",NA,1461501394.20157,1,"True","2016-04-24 14:36:34","True",NA,165,208,"pretest","208 Cooper (2016-04-24 14-27-00).csv",NA,NA,NA,NA,NA,NA,NA,"long"
1.23965096473694,344,344,"cooper_figures/A6.png",110,"male",29,"o",NA,1461501406.87799,1,"False","2016-04-24 14:36:46","False",NA,0,208,"pretest","208 Cooper (2016-04-24 14-27-00).csv",NA,NA,NA,NA,NA,NA,NA,"short"
1.33349800109863,334,364,"cooper_figures/A6.png",113,"male",29,"o",NA,1461501412.40282,1,"False","2016-04-24 14:36:52","False",NA,30,208,"pretest","208 Cooper (2016-04-24 14-27-00).csv",NA,NA,NA,NA,NA,NA,NA,"short"
1.29981303215027,306,306,"cooper_figures/G16.png",114,"male",29,"o",NA,1461501413.72312,1,"False","2016-04-24 14:36:53","False",NA,0,208,"pretest","208 Cooper (2016-04-24 14-27-00).csv",NA,NA,NA,NA,NA,NA,NA,"short"
3.04840397834778,313,478,"cooper_figures/B8.png",117,"male",29,"o",NA,1461501422.18976,1,"True","2016-04-24 14:37:02","True",NA,165,208,"pretest","208 Cooper (2016-04-24 14-27-00).csv",NA,NA,NA,NA,NA,NA,NA,"long"
3.10258293151855,193,373,"cooper_figures/E11.png",118,"male",29,"w",NA,1461501425.30356,1,"False","2016-04-24 14:37:05","False",NA,180,208,"pretest","208 Cooper (2016-04-24 14-27-00).csv",NA,NA,NA,NA,NA,NA,NA,"long"
2.81336498260498,62,92,"cooper_figures/B8.png",120,"male",29,"w",NA,1461501431.2468,1,"True","2016-04-24 14:37:11","True",NA,30,208,"pretest","208 Cooper (2016-04-24 14-27-00).csv",NA,NA,NA,NA,NA,NA,NA,"short"
2.2206609249115,310,475,"cooper_figures/H20.png",121,"male",29,"w",NA,1461501433.47857,1,"False","2016-04-24 14:37:13","False",NA,165,208,"pretest","208 Cooper (2016-04-24 14-27-00).csv",NA,NA,NA,NA,NA,NA,NA,"long"
2.51504993438721,325,505,"cooper_figures/B8.png",124,"male",29,"o",NA,1461501439.75689,1,"False","2016-04-24 14:37:19","False",NA,180,208,"pretest","208 Cooper (2016-04-24 14-27-00).csv",NA,NA,NA,NA,NA,NA,NA,"long"
2.26920390129089,38,203,"cooper_figures/G16.png",125,"male",29,"o",NA,1461501442.03374,1,"True","2016-04-24 14:37:22","True",NA,165,208,"pretest","208 Cooper (2016-04-24 14-27-00).csv",NA,NA,NA,NA,NA,NA,NA,"long"
1.27013611793518,136,151,"cooper_figures/B8.png",127,"male",29,"o",NA,1461501456.72775,1,"True","2016-04-24 14:37:36","True",NA,15,208,"pretest","208 Cooper (2016-04-24 14-27-00).csv",NA,NA,NA,NA,NA,NA,NA,"short"
1.94880390167236,359,389,"cooper_figures/G16.png",129,"male",29,"w",NA,1461501460.11454,1,"False","2016-04-24 14:37:40","False",NA,30,208,"pretest","208 Cooper (2016-04-24 14-27-00).csv",NA,NA,NA,NA,NA,NA,NA,"short"
11.8118469715118,322,322,"cooper_figures/H20.png",131,"male",29,"w",NA,1461501473.55363,1,"False","2016-04-24 14:37:53","False",NA,0,208,"pretest","208 Cooper (2016-04-24 14-27-00).csv",NA,NA,NA,NA,NA,NA,NA,"short"
1.14363408088684,197,197,"cooper_figures/E11.png",132,"male",29,"o",NA,1461501474.71788,1,"False","2016-04-24 14:37:54","False",NA,0,208,"pretest","208 Cooper (2016-04-24 14-27-00).csv",NA,NA,NA,NA,NA,NA,NA,"short"
1.64310884475708,231,246,"cooper_figures/H20.png",134,"male",29,"w",NA,1461501477.4228,1,"True","2016-04-24 14:37:57","True",NA,15,208,"pretest","208 Cooper (2016-04-24 14-27-00).csv",NA,NA,NA,NA,NA,NA,NA,"short"
3.35343790054321,8,158,"cooper_figures/D12.png",135,"male",29,"w",NA,1461501480.78806,1,"True","2016-04-24 14:38:00","True",NA,150,208,"pretest","208 Cooper (2016-04-24 14-27-00).csv",NA,NA,NA,NA,NA,NA,NA,"long"
2.21106195449829,338,503,"cooper_figures/B8.png",141,"male",29,"o",NA,1461501587.45619,1,"False","2016-04-24 14:39:47","False",NA,165,208,"pretest","208 Cooper (2016-04-24 14-27-00).csv",NA,NA,NA,NA,NA,NA,NA,"long"
0.9687340259552,329,329,"cooper_figures/B8.png",144,"male",29,"o",NA,1461501591.37814,1,"True","2016-04-24 14:39:51","True",NA,0,208,"pretest","208 Cooper (2016-04-24 14-27-00).csv",NA,NA,NA,NA,NA,NA,NA,"short"
4.30431485176086,283,433,"cooper_figures/A6.png",145,"male",29,"w",NA,1461501595.69956,1,"False","2016-04-24 14:39:55","False",NA,150,208,"pretest","208 Cooper (2016-04-24 14-27-00).csv",NA,NA,NA,NA,NA,NA,NA,"long"
1.12775897979736,194,209,"cooper_figures/F15.png",150,"male",29,"o",NA,1461501602.73356,1,"True","2016-04-24 14:40:02","True",NA,15,208,"pretest","208 Cooper (2016-04-24 14-27-00).csv",NA,NA,NA,NA,NA,NA,NA,"short"
1.1493239402771,147,177,"cooper_figures/C8.png",154,"male",29,"o",NA,1461501610.49364,1,"True","2016-04-24 14:40:10","True",NA,30,208,"pretest","208 Cooper (2016-04-24 14-27-00).csv",NA,NA,NA,NA,NA,NA,NA,"short"
0.826256036758423,179,209,"cooper_figures/C8.png",155,"male",29,"o",NA,1461501611.34322,1,"False","2016-04-24 14:40:11","False",NA,30,208,"pretest","208 Cooper (2016-04-24 14-27-00).csv",NA,NA,NA,NA,NA,NA,NA,"short"
2.56638097763062,133,283,"cooper_figures/G16.png",157,"male",29,"w",NA,1461501615.73752,1,"True","2016-04-24 14:40:15","True",NA,150,208,"pretest","208 Cooper (2016-04-24 14-27-00).csv",NA,NA,NA,NA,NA,NA,NA,"long"
0.909715175628662,271,271,"cooper_figures/C8.png",160,"male",29,"w",NA,1461501623.5409,1,"False","2016-04-24 14:40:23","False",NA,0,208,"pretest","208 Cooper (2016-04-24 14-27-00).csv",NA,NA,NA,NA,NA,NA,NA,"short"
5.91832995414734,148,148,"cooper_figures/H20.png",161,"male",29,"w",NA,1461501629.46778,1,"True","2016-04-24 14:40:29","True",NA,0,208,"pretest","208 Cooper (2016-04-24 14-27-00).csv",NA,NA,NA,NA,NA,NA,NA,"short"
4.23639297485352,350,380,"cooper_figures/H20.png",165,"male",29,"o",NA,1461501639.28423,1,"False","2016-04-24 14:40:39","False",NA,30,208,"pretest","208 Cooper (2016-04-24 14-27-00).csv",NA,NA,NA,NA,NA,NA,NA,"short"
2.64545917510986,317,317,"cooper_figures/F15.png",166,"male",29,"o",NA,1461501641.93852,1,"True","2016-04-24 14:40:41","True",NA,0,208,"pretest","208 Cooper (2016-04-24 14-27-00).csv",NA,NA,NA,NA,NA,NA,NA,"short"
2.47751212120056,55,220,"cooper_figures/A6.png",168,"male",29,"o",NA,1461501645.78134,1,"False","2016-04-24 14:40:45","False",NA,165,208,"pretest","208 Cooper (2016-04-24 14-27-00).csv",NA,NA,NA,NA,NA,NA,NA,"long"
0.786236047744751,35,65,"cooper_figures/B8.png",169,"male",29,"o",NA,1461501646.58048,1,"False","2016-04-24 14:40:46","False",NA,30,208,"pretest","208 Cooper (2016-04-24 14-27-00).csv",NA,NA,NA,NA,NA,NA,NA,"short"
2.68871784210205,165,180,"cooper_figures/C8.png",170,"male",29,"o",NA,1461501649.28464,1,"True","2016-04-24 14:40:49","True",NA,15,208,"pretest","208 Cooper (2016-04-24 14-27-00).csv",NA,NA,NA,NA,NA,NA,NA,"short"
9.15616893768311,115,265,"cooper_figures/H20.png",171,"male",29,"w",NA,1461501658.45931,1,"False","2016-04-24 14:40:58","False",NA,150,208,"pretest","208 Cooper (2016-04-24 14-27-00).csv",NA,NA,NA,NA,NA,NA,NA,"long"
1.80865716934204,314,494,"cooper_figures/F15.png",172,"male",29,"o",NA,1461501660.28796,1,"True","2016-04-24 14:41:00","True",NA,180,208,"pretest","208 Cooper (2016-04-24 14-27-00).csv",NA,NA,NA,NA,NA,NA,NA,"long"
2.02818202972412,165,345,"cooper_figures/C8.png",173,"male",29,"w",NA,1461501662.32822,1,"False","2016-04-24 14:41:02","False",NA,180,208,"pretest","208 Cooper (2016-04-24 14-27-00).csv",NA,NA,NA,NA,NA,NA,NA,"long"
0.925827980041504,25,25,"cooper_figures/B8.png",174,"male",29,"w",NA,1461501663.26523,1,"False","2016-04-24 14:41:03","False",NA,0,208,"pretest","208 Cooper (2016-04-24 14-27-00).csv",NA,NA,NA,NA,NA,NA,NA,"short"
1.57051992416382,326,476,"cooper_figures/F15.png",176,"male",29,"o",NA,1461501666.81826,1,"False","2016-04-24 14:41:06","False",NA,150,208,"pretest","208 Cooper (2016-04-24 14-27-00).csv",NA,NA,NA,NA,NA,NA,NA,"long"
2.09219193458557,270,450,"cooper_figures/A6.png",188,"male",29,"o",NA,1461501694.69729,1,"True","2016-04-24 14:41:34","True",NA,180,208,"pretest","208 Cooper (2016-04-24 14-27-00).csv",NA,NA,NA,NA,NA,NA,NA,"long"
1.36542701721191,35,50,"cooper_figures/C8.png",189,"male",29,"w",NA,1461501696.07634,1,"False","2016-04-24 14:41:36","False",NA,15,208,"pretest","208 Cooper (2016-04-24 14-27-00).csv",NA,NA,NA,NA,NA,NA,NA,"short"
2.16599106788635,298,328,"cooper_figures/F15.png",193,"male",29,"o",NA,1461501706.18522,1,"False","2016-04-24 14:41:46","False",NA,30,208,"pretest","208 Cooper (2016-04-24 14-27-00).csv",NA,NA,NA,NA,NA,NA,NA,"short"
0.996511936187744,167,167,"cooper_figures/E11.png",196,"male",29,"w",NA,1461501710.96625,1,"True","2016-04-24 14:41:50","True",NA,0,208,"pretest","208 Cooper (2016-04-24 14-27-00).csv",NA,NA,NA,NA,NA,NA,NA,"short"
1.54722595214844,359,389,"cooper_figures/A6.png",197,"male",29,"w",NA,1461501712.53537,1,"True","2016-04-24 14:41:52","True",NA,30,208,"pretest","208 Cooper (2016-04-24 14-27-00).csv",NA,NA,NA,NA,NA,NA,NA,"short"
1.75533699989319,223,403,"cooper_figures/H20.png",199,"male",29,"w",NA,1461501717.40723,1,"False","2016-04-24 14:41:57","False",NA,180,208,"pretest","208 Cooper (2016-04-24 14-27-00).csv",NA,NA,NA,NA,NA,NA,NA,"long"
0.970818996429443,203,368,"cooper_figures/A6.png",201,"male",29,"w",NA,1461501725.86442,1,"True","2016-04-24 14:42:05","True",NA,165,208,"pretest","208 Cooper (2016-04-24 14-27-00).csv",NA,NA,NA,NA,NA,NA,NA,"long"
1.81181716918945,229,379,"cooper_figures/C8.png",202,"male",29,"o",NA,1461501727.69037,1,"False","2016-04-24 14:42:07","False",NA,150,208,"pretest","208 Cooper (2016-04-24 14-27-00).csv",NA,NA,NA,NA,NA,NA,NA,"long"
1.18586993217468,334,349,"cooper_figures/D12.png",205,"male",29,"o",NA,1461501733.59922,1,"False","2016-04-24 14:42:13","False",NA,15,208,"pretest","208 Cooper (2016-04-24 14-27-00).csv",NA,NA,NA,NA,NA,NA,NA,"short"
7.64678883552551,213,243,"cooper_figures/A6.png",0,"female",22,"o",NA,1460637584.83176,1,"True","2016-04-14 14:39:44","True",NA,30,312,"pretest","312 Cooper (2016-04-14 14-31-41).csv",NA,NA,NA,NA,NA,NA,NA,"short"
2.61868095397949,203,233,"cooper_figures/E11.png",1,"female",22,"w",NA,1460637587.47156,1,"True","2016-04-14 14:39:47","True",NA,30,312,"pretest","312 Cooper (2016-04-14 14-31-41).csv",NA,NA,NA,NA,NA,NA,NA,"short"
2.52766990661621,333,498,"cooper_figures/A6.png",3,"female",22,"w",NA,1460637593.83158,1,"False","2016-04-14 14:39:53","False",NA,165,312,"pretest","312 Cooper (2016-04-14 14-31-41).csv",NA,NA,NA,NA,NA,NA,NA,"long"
5.52867603302002,46,211,"cooper_figures/D12.png",6,"female",22,"w",NA,1460637605.30058,1,"True","2016-04-14 14:40:05","True",NA,165,312,"pretest","312 Cooper (2016-04-14 14-31-41).csv",NA,NA,NA,NA,NA,NA,NA,"long"
2.402498960495,39,69,"cooper_figures/B8.png",7,"female",22,"o",NA,1460637607.72434,1,"True","2016-04-14 14:40:07","True",NA,30,312,"pretest","312 Cooper (2016-04-14 14-31-41).csv",NA,NA,NA,NA,NA,NA,NA,"short"
3.83532810211182,106,286,"cooper_figures/G16.png",12,"female",22,"w",NA,1460637626.42665,1,"True","2016-04-14 14:40:26","True",NA,180,312,"pretest","312 Cooper (2016-04-14 14-31-41).csv",NA,NA,NA,NA,NA,NA,NA,"long"
3.09303998947144,45,75,"cooper_figures/D12.png",16,"female",22,"o",NA,1460637640.23555,1,"True","2016-04-14 14:40:40","True",NA,30,312,"pretest","312 Cooper (2016-04-14 14-31-41).csv",NA,NA,NA,NA,NA,NA,NA,"short"
2.46385216712952,235,250,"cooper_figures/G16.png",17,"female",22,"w",NA,1460637642.70743,1,"True","2016-04-14 14:40:42","True",NA,15,312,"pretest","312 Cooper (2016-04-14 14-31-41).csv",NA,NA,NA,NA,NA,NA,NA,"short"
1.62357807159424,72,102,"cooper_figures/G16.png",21,"female",22,"w",NA,1460637669.90353,1,"False","2016-04-14 14:41:09","False",NA,30,312,"pretest","312 Cooper (2016-04-14 14-31-41).csv",NA,NA,NA,NA,NA,NA,NA,"short"
3.42171907424927,246,411,"cooper_figures/C8.png",22,"female",22,"o",NA,1460637673.33531,1,"False","2016-04-14 14:41:13","False",NA,165,312,"pretest","312 Cooper (2016-04-14 14-31-41).csv",NA,NA,NA,NA,NA,NA,NA,"long"
2.65181493759155,312,462,"cooper_figures/D12.png",25,"female",22,"w",NA,1460637682.95046,1,"True","2016-04-14 14:41:22","True",NA,150,312,"pretest","312 Cooper (2016-04-14 14-31-41).csv",NA,NA,NA,NA,NA,NA,NA,"long"
1.8271119594574,203,383,"cooper_figures/A6.png",27,"female",22,"w",NA,1460637687.94226,1,"True","2016-04-14 14:41:27","True",NA,180,312,"pretest","312 Cooper (2016-04-14 14-31-41).csv",NA,NA,NA,NA,NA,NA,NA,"long"
4.89733910560608,135,150,"cooper_figures/F15.png",28,"female",22,"o",NA,1460637692.86369,1,"True","2016-04-14 14:41:32","True",NA,15,312,"pretest","312 Cooper (2016-04-14 14-31-41).csv",NA,NA,NA,NA,NA,NA,NA,"short"
2.75882411003113,278,278,"cooper_figures/D12.png",30,"female",22,"o",NA,1460637698.35921,1,"True","2016-04-14 14:41:38","True",NA,0,312,"pretest","312 Cooper (2016-04-14 14-31-41).csv",NA,NA,NA,NA,NA,NA,NA,"short"
3.13863587379456,171,171,"cooper_figures/C8.png",36,"female",22,"o",NA,1460637713.60714,1,"True","2016-04-14 14:41:53","True",NA,0,312,"pretest","312 Cooper (2016-04-14 14-31-41).csv",NA,NA,NA,NA,NA,NA,NA,"short"
2.4401319026947,144,174,"cooper_figures/D12.png",40,"female",22,"o",NA,1460637729.69483,1,"False","2016-04-14 14:42:09","False",NA,30,312,"pretest","312 Cooper (2016-04-14 14-31-41).csv",NA,NA,NA,NA,NA,NA,NA,"short"
3.30104303359985,311,476,"cooper_figures/C8.png",46,"female",22,"w",NA,1460637747.40724,1,"True","2016-04-14 14:42:27","True",NA,165,312,"pretest","312 Cooper (2016-04-14 14-31-41).csv",NA,NA,NA,NA,NA,NA,NA,"long"
1.6534469127655,109,289,"cooper_figures/H20.png",49,"female",22,"w",NA,1460637755.89455,1,"False","2016-04-14 14:42:35","False",NA,180,312,"pretest","312 Cooper (2016-04-14 14-31-41).csv",NA,NA,NA,NA,NA,NA,NA,"long"
3.84653782844543,244,244,"cooper_figures/A6.png",52,"female",22,"o",NA,1460637763.63849,1,"True","2016-04-14 14:42:43","True",NA,0,312,"pretest","312 Cooper (2016-04-14 14-31-41).csv",NA,NA,NA,NA,NA,NA,NA,"short"
6.34968090057373,16,166,"cooper_figures/F15.png",53,"female",22,"o",NA,1460637770.00905,1,"False","2016-04-14 14:42:50","False",NA,150,312,"pretest","312 Cooper (2016-04-14 14-31-41).csv",NA,NA,NA,NA,NA,NA,NA,"long"
5.75930190086365,13,13,"cooper_figures/F15.png",57,"female",22,"o",NA,1460637787.80431,1,"True","2016-04-14 14:43:07","True",NA,0,312,"pretest","312 Cooper (2016-04-14 14-31-41).csv",NA,NA,NA,NA,NA,NA,NA,"short"
2.23172903060913,179,329,"cooper_figures/E11.png",58,"female",22,"w",NA,1460637790.06028,1,"True","2016-04-14 14:43:10","True",NA,150,312,"pretest","312 Cooper (2016-04-14 14-31-41).csv",NA,NA,NA,NA,NA,NA,NA,"long"
2.19191789627075,116,281,"cooper_figures/F15.png",61,"female",22,"o",NA,1460637807.43956,1,"True","2016-04-14 14:43:27","True",NA,165,312,"pretest","312 Cooper (2016-04-14 14-31-41).csv",NA,NA,NA,NA,NA,NA,NA,"long"
1.67160582542419,175,190,"cooper_figures/H20.png",63,"female",22,"o",NA,1460637810.90308,1,"False","2016-04-14 14:43:30","False",NA,15,312,"pretest","312 Cooper (2016-04-14 14-31-41).csv",NA,NA,NA,NA,NA,NA,NA,"short"
1.86594104766846,240,390,"cooper_figures/H20.png",65,"female",22,"w",NA,1460637815.43174,1,"False","2016-04-14 14:43:35","False",NA,150,312,"pretest","312 Cooper (2016-04-14 14-31-41).csv",NA,NA,NA,NA,NA,NA,NA,"long"
5.2654230594635,267,432,"cooper_figures/H20.png",67,"female",22,"o",NA,1460637823.06419,1,"True","2016-04-14 14:43:43","True",NA,165,312,"pretest","312 Cooper (2016-04-14 14-31-41).csv",NA,NA,NA,NA,NA,NA,NA,"long"
2.92993712425232,341,506,"cooper_figures/E11.png",69,"female",22,"w",NA,1460637831.67977,1,"True","2016-04-14 14:43:51","True",NA,165,312,"pretest","312 Cooper (2016-04-14 14-31-41).csv",NA,NA,NA,NA,NA,NA,NA,"long"
2.20245885848999,182,362,"cooper_figures/D12.png",70,"female",22,"o",NA,1460637833.90408,1,"True","2016-04-14 14:43:53","True",NA,180,312,"pretest","312 Cooper (2016-04-14 14-31-41).csv",NA,NA,NA,NA,NA,NA,NA,"long"
6.31959891319275,82,232,"cooper_figures/A6.png",71,"female",22,"o",NA,1460637840.23697,1,"True","2016-04-14 14:44:00","True",NA,150,312,"pretest","312 Cooper (2016-04-14 14-31-41).csv",NA,NA,NA,NA,NA,NA,NA,"long"
10.2025570869446,32,212,"cooper_figures/G16.png",72,"female",22,"o",NA,1460637850.45488,1,"False","2016-04-14 14:44:10","False",NA,180,312,"pretest","312 Cooper (2016-04-14 14-31-41).csv",NA,NA,NA,NA,NA,NA,NA,"long"
3.05608797073364,53,83,"cooper_figures/C8.png",78,"female",22,"w",NA,1460637872.69513,1,"True","2016-04-14 14:44:32","True",NA,30,312,"pretest","312 Cooper (2016-04-14 14-31-41).csv",NA,NA,NA,NA,NA,NA,NA,"short"
1.85945391654968,122,287,"cooper_figures/E11.png",86,"female",22,"w",NA,1460637893.73421,1,"False","2016-04-14 14:44:53","False",NA,165,312,"pretest","312 Cooper (2016-04-14 14-31-41).csv",NA,NA,NA,NA,NA,NA,NA,"long"
3.67957401275635,269,449,"cooper_figures/C8.png",87,"female",22,"w",NA,1460637897.43812,1,"True","2016-04-14 14:44:57","True",NA,180,312,"pretest","312 Cooper (2016-04-14 14-31-41).csv",NA,NA,NA,NA,NA,NA,NA,"long"
2.45082879066467,183,348,"cooper_figures/G16.png",88,"female",22,"o",NA,1460637899.9099,1,"False","2016-04-14 14:44:59","False",NA,165,312,"pretest","312 Cooper (2016-04-14 14-31-41).csv",NA,NA,NA,NA,NA,NA,NA,"long"
1.48078799247742,301,331,"cooper_figures/B8.png",90,"female",22,"w",NA,1460637902.7735,1,"False","2016-04-14 14:45:02","False",NA,30,312,"pretest","312 Cooper (2016-04-14 14-31-41).csv",NA,NA,NA,NA,NA,NA,NA,"short"
1.67717003822327,123,153,"cooper_figures/C8.png",91,"female",22,"w",NA,1460637904.47006,1,"False","2016-04-14 14:45:04","False",NA,30,312,"pretest","312 Cooper (2016-04-14 14-31-41).csv",NA,NA,NA,NA,NA,NA,NA,"short"
2.25484204292297,197,212,"cooper_figures/A6.png",97,"female",22,"w",NA,1460637920.51703,1,"True","2016-04-14 14:45:20","True",NA,15,312,"pretest","312 Cooper (2016-04-14 14-31-41).csv",NA,NA,NA,NA,NA,NA,NA,"short"
1.07714009284973,194,209,"cooper_figures/F15.png",112,"female",22,"o",NA,1460637955.8933,1,"False","2016-04-14 14:45:55","False",NA,15,312,"pretest","312 Cooper (2016-04-14 14-31-41).csv",NA,NA,NA,NA,NA,NA,NA,"short"
1.21636509895325,357,357,"cooper_figures/D12.png",113,"female",22,"w",NA,1460637957.13339,1,"False","2016-04-14 14:45:57","False",NA,0,312,"pretest","312 Cooper (2016-04-14 14-31-41).csv",NA,NA,NA,NA,NA,NA,NA,"short"
1.32299304008484,260,275,"cooper_figures/B8.png",116,"female",22,"w",NA,1460637963.1411,1,"True","2016-04-14 14:46:03","True",NA,15,312,"pretest","312 Cooper (2016-04-14 14-31-41).csv",NA,NA,NA,NA,NA,NA,NA,"short"
2.75466108322144,45,60,"cooper_figures/C8.png",120,"female",22,"o",NA,1460637974.15725,1,"True","2016-04-14 14:46:14","True",NA,15,312,"pretest","312 Cooper (2016-04-14 14-31-41).csv",NA,NA,NA,NA,NA,NA,NA,"short"
3.58040595054626,175,205,"cooper_figures/G16.png",124,"female",22,"o",NA,1460637984.70043,1,"True","2016-04-14 14:46:24","True",NA,30,312,"pretest","312 Cooper (2016-04-14 14-31-41).csv",NA,NA,NA,NA,NA,NA,NA,"short"
0.915784120559692,208,208,"cooper_figures/A6.png",125,"female",22,"o",NA,1460637985.63615,1,"False","2016-04-14 14:46:25","False",NA,0,312,"pretest","312 Cooper (2016-04-14 14-31-41).csv",NA,NA,NA,NA,NA,NA,NA,"short"
1.47311902046204,68,248,"cooper_figures/F15.png",127,"female",22,"o",NA,1460637988.46031,1,"True","2016-04-14 14:46:28","True",NA,180,312,"pretest","312 Cooper (2016-04-14 14-31-41).csv",NA,NA,NA,NA,NA,NA,NA,"long"
5.61086893081665,154,334,"cooper_figures/F15.png",129,"female",22,"o",NA,1460637995.31484,1,"False","2016-04-14 14:46:35","False",NA,180,312,"pretest","312 Cooper (2016-04-14 14-31-41).csv",NA,NA,NA,NA,NA,NA,NA,"long"
2.28105187416077,347,527,"cooper_figures/B8.png",132,"female",22,"o",NA,1460638004.97052,1,"True","2016-04-14 14:46:44","True",NA,180,312,"pretest","312 Cooper (2016-04-14 14-31-41).csv",NA,NA,NA,NA,NA,NA,NA,"long"
4.5190110206604,208,373,"cooper_figures/B8.png",133,"female",22,"w",NA,1460638009.50833,1,"True","2016-04-14 14:46:49","True",NA,165,312,"pretest","312 Cooper (2016-04-14 14-31-41).csv",NA,NA,NA,NA,NA,NA,NA,"long"
1.45924687385559,211,241,"cooper_figures/H20.png",136,"female",22,"w",NA,1460638018.39977,1,"False","2016-04-14 14:46:58","False",NA,30,312,"pretest","312 Cooper (2016-04-14 14-31-41).csv",NA,NA,NA,NA,NA,NA,NA,"short"
6.92232513427734,15,15,"cooper_figures/B8.png",137,"female",22,"w",NA,1460638025.34696,1,"True","2016-04-14 14:47:05","True",NA,0,312,"pretest","312 Cooper (2016-04-14 14-31-41).csv",NA,NA,NA,NA,NA,NA,NA,"short"
7.24359107017517,193,358,"cooper_figures/B8.png",140,"female",22,"o",NA,1460638039.70291,1,"False","2016-04-14 14:47:19","False",NA,165,312,"pretest","312 Cooper (2016-04-14 14-31-41).csv",NA,NA,NA,NA,NA,NA,NA,"long"
0.784970998764038,213,213,"cooper_figures/B8.png",141,"female",22,"o",NA,1460638040.49548,1,"False","2016-04-14 14:47:20","False",NA,0,312,"pretest","312 Cooper (2016-04-14 14-31-41).csv",NA,NA,NA,NA,NA,NA,NA,"short"
6.08270287513733,235,400,"cooper_figures/G16.png",144,"female",22,"w",NA,1460638052.47683,1,"True","2016-04-14 14:47:32","True",NA,165,312,"pretest","312 Cooper (2016-04-14 14-31-41).csv",NA,NA,NA,NA,NA,NA,NA,"long"
0.885560989379883,299,314,"cooper_figures/A6.png",145,"female",22,"o",NA,1460638053.38049,1,"False","2016-04-14 14:47:33","False",NA,15,312,"pretest","312 Cooper (2016-04-14 14-31-41).csv",NA,NA,NA,NA,NA,NA,NA,"short"
0.920844078063965,7,22,"cooper_figures/D12.png",146,"female",22,"o",NA,1460638054.31636,1,"False","2016-04-14 14:47:34","False",NA,15,312,"pretest","312 Cooper (2016-04-14 14-31-41).csv",NA,NA,NA,NA,NA,NA,NA,"short"
4.39900016784668,138,318,"cooper_figures/B8.png",150,"female",22,"w",NA,1460638066.16208,1,"False","2016-04-14 14:47:46","False",NA,180,312,"pretest","312 Cooper (2016-04-14 14-31-41).csv",NA,NA,NA,NA,NA,NA,NA,"long"
1.26891803741455,263,278,"cooper_figures/B8.png",151,"female",22,"w",NA,1460638067.45009,1,"False","2016-04-14 14:47:47","False",NA,15,312,"pretest","312 Cooper (2016-04-14 14-31-41).csv",NA,NA,NA,NA,NA,NA,NA,"short"
1.5909628868103,146,311,"cooper_figures/A6.png",153,"female",22,"w",NA,1460638071.50571,1,"True","2016-04-14 14:47:51","True",NA,165,312,"pretest","312 Cooper (2016-04-14 14-31-41).csv",NA,NA,NA,NA,NA,NA,NA,"long"
0.975536108016968,223,223,"cooper_figures/G16.png",154,"female",22,"o",NA,1460638072.48993,1,"False","2016-04-14 14:47:52","False",NA,0,312,"pretest","312 Cooper (2016-04-14 14-31-41).csv",NA,NA,NA,NA,NA,NA,NA,"short"
1.27086400985718,265,265,"cooper_figures/E11.png",155,"female",22,"o",NA,1460638073.78585,1,"True","2016-04-14 14:47:53","True",NA,0,312,"pretest","312 Cooper (2016-04-14 14-31-41).csv",NA,NA,NA,NA,NA,NA,NA,"short"
3.7226128578186,38,38,"cooper_figures/G16.png",159,"female",22,"w",NA,1460638086.17134,1,"True","2016-04-14 14:48:06","True",NA,0,312,"pretest","312 Cooper (2016-04-14 14-31-41).csv",NA,NA,NA,NA,NA,NA,NA,"short"
2.91143989562988,252,267,"cooper_figures/E11.png",160,"female",22,"o",NA,1460638091.81125,1,"True","2016-04-14 14:48:11","True",NA,15,312,"pretest","312 Cooper (2016-04-14 14-31-41).csv",NA,NA,NA,NA,NA,NA,NA,"short"
1.54567813873291,51,216,"cooper_figures/F15.png",162,"female",22,"o",NA,1460638096.16311,1,"False","2016-04-14 14:48:16","False",NA,165,312,"pretest","312 Cooper (2016-04-14 14-31-41).csv",NA,NA,NA,NA,NA,NA,NA,"long"
1.93047404289246,189,219,"cooper_figures/F15.png",163,"female",22,"o",NA,1460638098.11505,1,"True","2016-04-14 14:48:18","True",NA,30,312,"pretest","312 Cooper (2016-04-14 14-31-41).csv",NA,NA,NA,NA,NA,NA,NA,"short"
1.81217002868652,184,349,"cooper_figures/D12.png",164,"female",22,"w",NA,1460638099.94702,1,"False","2016-04-14 14:48:19","False",NA,165,312,"pretest","312 Cooper (2016-04-14 14-31-41).csv",NA,NA,NA,NA,NA,NA,NA,"long"
4.38100981712341,109,289,"cooper_figures/E11.png",165,"female",22,"o",NA,1460638104.34868,1,"True","2016-04-14 14:48:24","True",NA,180,312,"pretest","312 Cooper (2016-04-14 14-31-41).csv",NA,NA,NA,NA,NA,NA,NA,"long"
1.57404589653015,255,270,"cooper_figures/D12.png",167,"female",22,"w",NA,1460638107.89263,1,"True","2016-04-14 14:48:27","True",NA,15,312,"pretest","312 Cooper (2016-04-14 14-31-41).csv",NA,NA,NA,NA,NA,NA,NA,"short"
3.22628998756409,25,175,"cooper_figures/G16.png",169,"female",22,"o",NA,1460638112.42858,1,"True","2016-04-14 14:48:32","True",NA,150,312,"pretest","312 Cooper (2016-04-14 14-31-41).csv",NA,NA,NA,NA,NA,NA,NA,"long"
1.44370412826538,26,26,"cooper_figures/H20.png",174,"female",22,"w",NA,1460638120.9641,1,"False","2016-04-14 14:48:40","False",NA,0,312,"pretest","312 Cooper (2016-04-14 14-31-41).csv",NA,NA,NA,NA,NA,NA,NA,"short"
1.16891884803772,136,166,"cooper_figures/A6.png",175,"female",22,"w",NA,1460638122.1564,1,"False","2016-04-14 14:48:42","False",NA,30,312,"pretest","312 Cooper (2016-04-14 14-31-41).csv",NA,NA,NA,NA,NA,NA,NA,"short"
1.07349491119385,269,419,"cooper_figures/C8.png",176,"female",22,"o",NA,1460638123.24455,1,"True","2016-04-14 14:48:43","True",NA,150,312,"pretest","312 Cooper (2016-04-14 14-31-41).csv",NA,NA,NA,NA,NA,NA,NA,"long"
1.51552700996399,167,317,"cooper_figures/E11.png",179,"female",22,"o",NA,1460638131.48777,1,"False","2016-04-14 14:48:51","False",NA,150,312,"pretest","312 Cooper (2016-04-14 14-31-41).csv",NA,NA,NA,NA,NA,NA,NA,"long"
1.20356702804565,216,231,"cooper_figures/G16.png",180,"female",22,"o",NA,1460638134.77574,1,"False","2016-04-14 14:48:54","False",NA,15,312,"pretest","312 Cooper (2016-04-14 14-31-41).csv",NA,NA,NA,NA,NA,NA,NA,"short"
1.2739839553833,8,23,"cooper_figures/C8.png",182,"female",22,"w",NA,1460638138.46363,1,"False","2016-04-14 14:48:58","False",NA,15,312,"pretest","312 Cooper (2016-04-14 14-31-41).csv",NA,NA,NA,NA,NA,NA,NA,"short"
0.862993955612183,162,162,"cooper_figures/F15.png",184,"female",22,"w",NA,1460638140.90347,1,"False","2016-04-14 14:49:00","False",NA,0,312,"pretest","312 Cooper (2016-04-14 14-31-41).csv",NA,NA,NA,NA,NA,NA,NA,"short"
1.66824984550476,255,420,"cooper_figures/H20.png",185,"female",22,"o",NA,1460638142.59132,1,"False","2016-04-14 14:49:02","False",NA,165,312,"pretest","312 Cooper (2016-04-14 14-31-41).csv",NA,NA,NA,NA,NA,NA,NA,"long"
1.0481550693512,312,462,"cooper_figures/H20.png",186,"female",22,"o",NA,1460638143.65576,1,"True","2016-04-14 14:49:03","True",NA,150,312,"pretest","312 Cooper (2016-04-14 14-31-41).csv",NA,NA,NA,NA,NA,NA,NA,"long"
0.970882892608643,306,336,"cooper_figures/E11.png",188,"female",22,"o",NA,1460638146.89518,1,"False","2016-04-14 14:49:06","False",NA,30,312,"pretest","312 Cooper (2016-04-14 14-31-41).csv",NA,NA,NA,NA,NA,NA,NA,"short"
1.32267618179321,275,305,"cooper_figures/F15.png",192,"female",22,"o",NA,1460638154.23138,1,"False","2016-04-14 14:49:14","False",NA,30,312,"pretest","312 Cooper (2016-04-14 14-31-41).csv",NA,NA,NA,NA,NA,NA,NA,"short"
1.14190888404846,162,162,"cooper_figures/E11.png",193,"female",22,"o",NA,1460638155.38343,1,"False","2016-04-14 14:49:15","False",NA,0,312,"pretest","312 Cooper (2016-04-14 14-31-41).csv",NA,NA,NA,NA,NA,NA,NA,"short"
1.54784512519836,20,170,"cooper_figures/D12.png",197,"female",22,"w",NA,1460638163.60666,1,"False","2016-04-14 14:49:23","False",NA,150,312,"pretest","312 Cooper (2016-04-14 14-31-41).csv",NA,NA,NA,NA,NA,NA,NA,"long"
2.1718111038208,251,401,"cooper_figures/G16.png",199,"female",22,"w",NA,1460638167.41499,1,"False","2016-04-14 14:49:27","False",NA,150,312,"pretest","312 Cooper (2016-04-14 14-31-41).csv",NA,NA,NA,NA,NA,NA,NA,"long"
0.986672878265381,59,74,"cooper_figures/E11.png",202,"female",22,"o",NA,1460638175.61462,1,"False","2016-04-14 14:49:35","False",NA,15,312,"pretest","312 Cooper (2016-04-14 14-31-41).csv",NA,NA,NA,NA,NA,NA,NA,"short"
1.88549613952637,43,58,"cooper_figures/H20.png",204,"female",22,"w",NA,1460638179.43059,1,"True","2016-04-14 14:49:39","True",NA,15,312,"pretest","312 Cooper (2016-04-14 14-31-41).csv",NA,NA,NA,NA,NA,NA,NA,"short"
0.704833030700684,58,58,"cooper_figures/C8.png",205,"female",22,"o",NA,1460638180.14998,1,"False","2016-04-14 14:49:40","False",NA,0,312,"pretest","312 Cooper (2016-04-14 14-31-41).csv",NA,NA,NA,NA,NA,NA,NA,"short"
